-- MySQL dump 10.13  Distrib 8.0.34, for Win64 (x86_64)
--
-- Host: localhost    Database: socialdb
-- ------------------------------------------------------
-- Server version	8.0.34

/*!40101 SET @OLD_CHARACTER_SET_CLIENT=@@CHARACTER_SET_CLIENT */;
/*!40101 SET @OLD_CHARACTER_SET_RESULTS=@@CHARACTER_SET_RESULTS */;
/*!40101 SET @OLD_COLLATION_CONNECTION=@@COLLATION_CONNECTION */;
/*!50503 SET NAMES utf8 */;
/*!40103 SET @OLD_TIME_ZONE=@@TIME_ZONE */;
/*!40103 SET TIME_ZONE='+00:00' */;
/*!40014 SET @OLD_UNIQUE_CHECKS=@@UNIQUE_CHECKS, UNIQUE_CHECKS=0 */;
/*!40014 SET @OLD_FOREIGN_KEY_CHECKS=@@FOREIGN_KEY_CHECKS, FOREIGN_KEY_CHECKS=0 */;
/*!40101 SET @OLD_SQL_MODE=@@SQL_MODE, SQL_MODE='NO_AUTO_VALUE_ON_ZERO' */;
/*!40111 SET @OLD_SQL_NOTES=@@SQL_NOTES, SQL_NOTES=0 */;

--
-- Table structure for table `comments`
--

DROP TABLE IF EXISTS `comments`;
/*!40101 SET @saved_cs_client     = @@character_set_client */;
/*!50503 SET character_set_client = utf8mb4 */;
CREATE TABLE `comments` (
  `id` int NOT NULL AUTO_INCREMENT,
  `desc` varchar(300) NOT NULL,
  `createdAt` timestamp NOT NULL DEFAULT CURRENT_TIMESTAMP ON UPDATE CURRENT_TIMESTAMP,
  `userid` int NOT NULL,
  `postid` int NOT NULL,
  PRIMARY KEY (`id`),
  KEY `userid` (`userid`),
  KEY `postid` (`postid`),
  CONSTRAINT `comments_ibfk_1` FOREIGN KEY (`userid`) REFERENCES `users` (`id`) ON DELETE CASCADE ON UPDATE CASCADE,
  CONSTRAINT `comments_ibfk_2` FOREIGN KEY (`postid`) REFERENCES `posts` (`id`) ON DELETE CASCADE ON UPDATE CASCADE
) ENGINE=InnoDB AUTO_INCREMENT=17 DEFAULT CHARSET=utf8mb4 COLLATE=utf8mb4_0900_ai_ci;
/*!40101 SET character_set_client = @saved_cs_client */;

--
-- Dumping data for table `comments`
--

LOCK TABLES `comments` WRITE;
/*!40000 ALTER TABLE `comments` DISABLE KEYS */;
INSERT INTO `comments` VALUES (1,'First Comment ','2024-12-25 13:52:12',1,23),(2,'First Comment 2 ','2024-11-29 10:31:38',3,23),(3,'hello comment 3','2024-11-29 11:01:20',3,23);
/*!40000 ALTER TABLE `comments` ENABLE KEYS */;
UNLOCK TABLES;
/*!40103 SET TIME_ZONE=@OLD_TIME_ZONE */;

/*!40101 SET SQL_MODE=@OLD_SQL_MODE */;
/*!40014 SET FOREIGN_KEY_CHECKS=@OLD_FOREIGN_KEY_CHECKS */;
/*!40014 SET UNIQUE_CHECKS=@OLD_UNIQUE_CHECKS */;
/*!40101 SET CHARACTER_SET_CLIENT=@OLD_CHARACTER_SET_CLIENT */;
/*!40101 SET CHARACTER_SET_RESULTS=@OLD_CHARACTER_SET_RESULTS */;
/*!40101 SET COLLATION_CONNECTION=@OLD_COLLATION_CONNECTION */;
/*!40111 SET SQL_NOTES=@OLD_SQL_NOTES */;

-- Dump completed on 2024-11-30 18:52:07
-- MySQL dump 10.13  Distrib 8.0.34, for Win64 (x86_64)
--
-- Host: localhost    Database: socialdb
-- ------------------------------------------------------
-- Server version	8.0.34

/*!40101 SET @OLD_CHARACTER_SET_CLIENT=@@CHARACTER_SET_CLIENT */;
/*!40101 SET @OLD_CHARACTER_SET_RESULTS=@@CHARACTER_SET_RESULTS */;
/*!40101 SET @OLD_COLLATION_CONNECTION=@@COLLATION_CONNECTION */;
/*!50503 SET NAMES utf8 */;
/*!40103 SET @OLD_TIME_ZONE=@@TIME_ZONE */;
/*!40103 SET TIME_ZONE='+00:00' */;
/*!40014 SET @OLD_UNIQUE_CHECKS=@@UNIQUE_CHECKS, UNIQUE_CHECKS=0 */;
/*!40014 SET @OLD_FOREIGN_KEY_CHECKS=@@FOREIGN_KEY_CHECKS, FOREIGN_KEY_CHECKS=0 */;
/*!40101 SET @OLD_SQL_MODE=@@SQL_MODE, SQL_MODE='NO_AUTO_VALUE_ON_ZERO' */;
/*!40111 SET @OLD_SQL_NOTES=@@SQL_NOTES, SQL_NOTES=0 */;

--
-- Table structure for table `likes`
--

DROP TABLE IF EXISTS `likes`;
/*!40101 SET @saved_cs_client     = @@character_set_client */;
/*!50503 SET character_set_client = utf8mb4 */;
CREATE TABLE `likes` (
  `id` int NOT NULL AUTO_INCREMENT,
  `userid` int NOT NULL,
  `postid` int NOT NULL,
  PRIMARY KEY (`id`),
  KEY `userid` (`userid`),
  KEY `postid` (`postid`),
  KEY `userid_2` (`userid`),
  KEY `postid_2` (`postid`),
  KEY `userid_3` (`userid`),
  KEY `postid_3` (`postid`),
  KEY `userid_4` (`userid`),
  KEY `postid_4` (`postid`),
  CONSTRAINT `likes_ibfk_1` FOREIGN KEY (`userid`) REFERENCES `users` (`id`) ON DELETE CASCADE ON UPDATE CASCADE,
  CONSTRAINT `likes_ibfk_2` FOREIGN KEY (`postid`) REFERENCES `posts` (`id`) ON DELETE CASCADE ON UPDATE CASCADE
) ENGINE=InnoDB AUTO_INCREMENT=2 DEFAULT CHARSET=utf8mb4 COLLATE=utf8mb4_0900_ai_ci;
/*!40101 SET character_set_client = @saved_cs_client */;

--
-- Dumping data for table `likes`
--

LOCK TABLES `likes` WRITE;
/*!40000 ALTER TABLE `likes` DISABLE KEYS */;
INSERT INTO `likes` VALUES (1,3,23);
/*!40000 ALTER TABLE `likes` ENABLE KEYS */;
UNLOCK TABLES;
/*!40103 SET TIME_ZONE=@OLD_TIME_ZONE */;

/*!40101 SET SQL_MODE=@OLD_SQL_MODE */;
/*!40014 SET FOREIGN_KEY_CHECKS=@OLD_FOREIGN_KEY_CHECKS */;
/*!40014 SET UNIQUE_CHECKS=@OLD_UNIQUE_CHECKS */;
/*!40101 SET CHARACTER_SET_CLIENT=@OLD_CHARACTER_SET_CLIENT */;
/*!40101 SET CHARACTER_SET_RESULTS=@OLD_CHARACTER_SET_RESULTS */;
/*!40101 SET COLLATION_CONNECTION=@OLD_COLLATION_CONNECTION */;
/*!40111 SET SQL_NOTES=@OLD_SQL_NOTES */;

-- Dump completed on 2024-11-30 18:52:07



-- MySQL dump 10.13  Distrib 8.0.34, for Win64 (x86_64)
--
-- Host: localhost    Database: socialdb
-- ------------------------------------------------------
-- Server version	8.0.34

/*!40101 SET @OLD_CHARACTER_SET_CLIENT=@@CHARACTER_SET_CLIENT */;
/*!40101 SET @OLD_CHARACTER_SET_RESULTS=@@CHARACTER_SET_RESULTS */;
/*!40101 SET @OLD_COLLATION_CONNECTION=@@COLLATION_CONNECTION */;
/*!50503 SET NAMES utf8 */;
/*!40103 SET @OLD_TIME_ZONE=@@TIME_ZONE */;
/*!40103 SET TIME_ZONE='+00:00' */;
/*!40014 SET @OLD_UNIQUE_CHECKS=@@UNIQUE_CHECKS, UNIQUE_CHECKS=0 */;
/*!40014 SET @OLD_FOREIGN_KEY_CHECKS=@@FOREIGN_KEY_CHECKS, FOREIGN_KEY_CHECKS=0 */;
/*!40101 SET @OLD_SQL_MODE=@@SQL_MODE, SQL_MODE='NO_AUTO_VALUE_ON_ZERO' */;
/*!40111 SET @OLD_SQL_NOTES=@@SQL_NOTES, SQL_NOTES=0 */;

--
-- Table structure for table `relationships`
--

DROP TABLE IF EXISTS `relationships`;
/*!40101 SET @saved_cs_client     = @@character_set_client */;
/*!50503 SET character_set_client = utf8mb4 */;
CREATE TABLE `relationships` (
  `id` int NOT NULL AUTO_INCREMENT,
  `followeruserid` int NOT NULL,
  `followeduserid` int NOT NULL,
  PRIMARY KEY (`id`),
  KEY `followeruserid` (`followeruserid`),
  KEY `followeduserid` (`followeduserid`),
  CONSTRAINT `relationships_ibfk_1` FOREIGN KEY (`followeruserid`) REFERENCES `users` (`id`) ON DELETE CASCADE ON UPDATE CASCADE,
  CONSTRAINT `relationships_ibfk_2` FOREIGN KEY (`followeduserid`) REFERENCES `users` (`id`) ON DELETE CASCADE ON UPDATE CASCADE
) ENGINE=InnoDB AUTO_INCREMENT=2 DEFAULT CHARSET=utf8mb4 COLLATE=utf8mb4_0900_ai_ci;
/*!40101 SET character_set_client = @saved_cs_client */;

--
-- Dumping data for table `relationships`
--

LOCK TABLES `relationships` WRITE;
/*!40000 ALTER TABLE `relationships` DISABLE KEYS */;
INSERT INTO `relationships` VALUES (1,4,5);
/*!40000 ALTER TABLE `relationships` ENABLE KEYS */;
UNLOCK TABLES;
/*!40103 SET TIME_ZONE=@OLD_TIME_ZONE */;

/*!40101 SET SQL_MODE=@OLD_SQL_MODE */;
/*!40014 SET FOREIGN_KEY_CHECKS=@OLD_FOREIGN_KEY_CHECKS */;
/*!40014 SET UNIQUE_CHECKS=@OLD_UNIQUE_CHECKS */;
/*!40101 SET CHARACTER_SET_CLIENT=@OLD_CHARACTER_SET_CLIENT */;
/*!40101 SET CHARACTER_SET_RESULTS=@OLD_CHARACTER_SET_RESULTS */;
/*!40101 SET COLLATION_CONNECTION=@OLD_COLLATION_CONNECTION */;
/*!40111 SET SQL_NOTES=@OLD_SQL_NOTES */;

-- Dump completed on 2024-11-30 18:52:06



-- MySQL dump 10.13  Distrib 8.0.34, for Win64 (x86_64)
--
-- Host: localhost    Database: socialdb
-- ------------------------------------------------------
-- Server version	8.0.34

/*!40101 SET @OLD_CHARACTER_SET_CLIENT=@@CHARACTER_SET_CLIENT */;
/*!40101 SET @OLD_CHARACTER_SET_RESULTS=@@CHARACTER_SET_RESULTS */;
/*!40101 SET @OLD_COLLATION_CONNECTION=@@COLLATION_CONNECTION */;
/*!50503 SET NAMES utf8 */;
/*!40103 SET @OLD_TIME_ZONE=@@TIME_ZONE */;
/*!40103 SET TIME_ZONE='+00:00' */;
/*!40014 SET @OLD_UNIQUE_CHECKS=@@UNIQUE_CHECKS, UNIQUE_CHECKS=0 */;
/*!40014 SET @OLD_FOREIGN_KEY_CHECKS=@@FOREIGN_KEY_CHECKS, FOREIGN_KEY_CHECKS=0 */;
/*!40101 SET @OLD_SQL_MODE=@@SQL_MODE, SQL_MODE='NO_AUTO_VALUE_ON_ZERO' */;
/*!40111 SET @OLD_SQL_NOTES=@@SQL_NOTES, SQL_NOTES=0 */;

--
-- Table structure for table `stories`
--

DROP TABLE IF EXISTS `stories`;
/*!40101 SET @saved_cs_client     = @@character_set_client */;
/*!50503 SET character_set_client = utf8mb4 */;
CREATE TABLE `stories` (
  `id` int NOT NULL AUTO_INCREMENT,
  `img` varchar(200) DEFAULT NULL,
  `userid` int DEFAULT NULL,
  `createdAt` timestamp NULL DEFAULT CURRENT_TIMESTAMP ON UPDATE CURRENT_TIMESTAMP,
  PRIMARY KEY (`id`),
  KEY `userid` (`userid`),
  CONSTRAINT `stories_ibfk_1` FOREIGN KEY (`userid`) REFERENCES `users` (`id`) ON DELETE CASCADE ON UPDATE CASCADE
) ENGINE=InnoDB AUTO_INCREMENT=19 DEFAULT CHARSET=utf8mb4 COLLATE=utf8mb4_0900_ai_ci;
/*!40101 SET character_set_client = @saved_cs_client */;

--
-- Dumping data for table `stories`
--

LOCK TABLES `stories` WRITE;
/*!40000 ALTER TABLE `stories` DISABLE KEYS */;
INSERT INTO `stories` VALUES (9,'1708889386896photo-1534528741775-53994a69daeb.jpg',1,NULL),(10,'1708889393853photo-1534528741775-53994a69daeb.jpg',1,NULL),(12,'1708889450326photo-1534528741775-53994a69daeb.jpg',1,NULL),(13,'1708889456596photo-1534528741775-53994a69daeb.jpg',1,NULL),(14,NULL,3,NULL),(15,'/resources/static/assets/uploads/userpic/image-admin-1732895075021-userlogo.png',1,'2024-11-29 15:50:41'),(16,'1',3,'2024-11-29 15:55:24'),(17,'/resources/static/assets/uploads/userpic/image-admin-1732895828410-addtask.png',1,'2024-11-29 15:57:08'),(18,'/resources/static/assets/uploads/userpic/image-admin-1732896009438-addtask.png',1,'2024-11-29 16:00:09');
/*!40000 ALTER TABLE `stories` ENABLE KEYS */;
UNLOCK TABLES;
/*!40103 SET TIME_ZONE=@OLD_TIME_ZONE */;

/*!40101 SET SQL_MODE=@OLD_SQL_MODE */;
/*!40014 SET FOREIGN_KEY_CHECKS=@OLD_FOREIGN_KEY_CHECKS */;
/*!40014 SET UNIQUE_CHECKS=@OLD_UNIQUE_CHECKS */;
/*!40101 SET CHARACTER_SET_CLIENT=@OLD_CHARACTER_SET_CLIENT */;
/*!40101 SET CHARACTER_SET_RESULTS=@OLD_CHARACTER_SET_RESULTS */;
/*!40101 SET COLLATION_CONNECTION=@OLD_COLLATION_CONNECTION */;
/*!40111 SET SQL_NOTES=@OLD_SQL_NOTES */;

-- Dump completed on 2024-11-30 18:52:06



-- MySQL dump 10.13  Distrib 8.0.34, for Win64 (x86_64)
--
-- Host: localhost    Database: socialdb
-- ------------------------------------------------------
-- Server version	8.0.34

/*!40101 SET @OLD_CHARACTER_SET_CLIENT=@@CHARACTER_SET_CLIENT */;
/*!40101 SET @OLD_CHARACTER_SET_RESULTS=@@CHARACTER_SET_RESULTS */;
/*!40101 SET @OLD_COLLATION_CONNECTION=@@COLLATION_CONNECTION */;
/*!50503 SET NAMES utf8 */;
/*!40103 SET @OLD_TIME_ZONE=@@TIME_ZONE */;
/*!40103 SET TIME_ZONE='+00:00' */;
/*!40014 SET @OLD_UNIQUE_CHECKS=@@UNIQUE_CHECKS, UNIQUE_CHECKS=0 */;
/*!40014 SET @OLD_FOREIGN_KEY_CHECKS=@@FOREIGN_KEY_CHECKS, FOREIGN_KEY_CHECKS=0 */;
/*!40101 SET @OLD_SQL_MODE=@@SQL_MODE, SQL_MODE='NO_AUTO_VALUE_ON_ZERO' */;
/*!40111 SET @OLD_SQL_NOTES=@@SQL_NOTES, SQL_NOTES=0 */;

--
-- Table structure for table `user_tokens`
--

DROP TABLE IF EXISTS `user_tokens`;
/*!40101 SET @saved_cs_client     = @@character_set_client */;
/*!50503 SET character_set_client = utf8mb4 */;
CREATE TABLE `user_tokens` (
  `id` int NOT NULL AUTO_INCREMENT,
  `user_id` varchar(100) DEFAULT NULL,
  `token_id` varchar(400) DEFAULT NULL,
  `valid_till` timestamp NULL DEFAULT NULL,
  `token_createdAt` timestamp NULL DEFAULT CURRENT_TIMESTAMP,
  PRIMARY KEY (`id`)
) ENGINE=InnoDB AUTO_INCREMENT=45 DEFAULT CHARSET=utf8mb4 COLLATE=utf8mb4_0900_ai_ci;
/*!40101 SET character_set_client = @saved_cs_client */;

--
-- Dumping data for table `user_tokens`
--

LOCK TABLES `user_tokens` WRITE;
/*!40000 ALTER TABLE `user_tokens` DISABLE KEYS */;
INSERT INTO `user_tokens` VALUES (1,'','eyJhbGciOiJIUzI1NiIsInR5cCI6IkpXVCJ9.eyJlbWFpbCI6ImFkYXJzaDEyM0BnbWFpbC5jb20iLCJpYXQiOjE3MzI4MTU1MDAsImV4cCI6MTczMjgyMjcwMH0.tLOqYpvTYENcxLB-u05SWSnMS05Z5XPFXDmpfgagnBk','2024-11-28 14:08:21','2024-11-28 17:38:20'),(2,'ADMIN-2','eyJhbGciOiJIUzI1NiIsInR5cCI6IkpXVCJ9.eyJlbWFpbCI6ImFkYXJzaDFAZ21haWwuY29tIiwiaWF0IjoxNzMyODE1NzI4LCJleHAiOjE3MzI4MjI5Mjh9.mg88W_RPneymAAIKL2m6P9WICo87BxVp9TSYaHc69yg','2024-11-28 14:12:08','2024-11-28 17:42:08'),(3,'ADMIN-2','eyJhbGciOiJIUzI1NiIsInR5cCI6IkpXVCJ9.eyJlbWFpbCI6ImFkYXJzaDFAZ21haWwuY29tIiwiaWF0IjoxNzMyODE2Nzc2LCJleHAiOjE3MzI4MjM5NzZ9.zAC7n_Y7ec1JAXJ5XBkE_abqy6hciW8vjjtHBwHn79M','2024-11-28 14:29:36','2024-11-28 17:59:36'),(4,'ADMIN-2','eyJhbGciOiJIUzI1NiIsInR5cCI6IkpXVCJ9.eyJlbWFpbCI6ImFkYXJzaDFAZ21haWwuY29tIiwiaWF0IjoxNzMyODE2ODMzLCJleHAiOjE3MzI4MjQwMzN9.FCwwEDL49Wwbk8Uyc6Y-GYec-FkING2SZDFTe3nqeG8','2024-11-28 14:30:34','2024-11-28 18:00:33'),(5,'ADMIN-3','eyJhbGciOiJIUzI1NiIsInR5cCI6IkpXVCJ9.eyJlbWFpbCI6ImFkYXJzaDNAZ21haWwuY29tIiwiaWF0IjoxNzMyODE2ODY5LCJleHAiOjE3MzI4MjQwNjl9.DhiRs663EQlY_eXUzOPd0qu3d9SB5nkaEkM6fdXtrJw','2024-11-28 14:31:10','2024-11-28 18:01:09'),(6,'ADMIN-4','eyJhbGciOiJIUzI1NiIsInR5cCI6IkpXVCJ9.eyJlbWFpbCI6ImFkYXJzaDEzQGdtYWlsLmNvbSIsImlhdCI6MTczMjg3MjE1MywiZXhwIjoxNzMyODc5MzUzfQ.rHQKBUAzZLK-4ui5pEBgNqFWGrDilf2hrZM3dyCwxQs','2024-11-29 05:52:34','2024-11-29 09:22:33'),(7,'ADMIN-4','eyJhbGciOiJIUzI1NiIsInR5cCI6IkpXVCJ9.eyJlbWFpbCI6ImFkYXJzaDEzQGdtYWlsLmNvbSIsImlhdCI6MTczMjg3MjU3NiwiZXhwIjoxNzMyODc5Nzc2fQ.SwSd8SJe38_bOM1cef-cDN1XZaUixA5PkOX7FKiOG38','2024-11-29 05:59:37','2024-11-29 09:29:36'),(8,'ADMIN-4','eyJhbGciOiJIUzI1NiIsInR5cCI6IkpXVCJ9.eyJlbWFpbCI6ImFkYXJzaDEzQGdtYWlsLmNvbSIsImlhdCI6MTczMjk1NzE2OSwiZXhwIjoxNzMzNTYxOTY5fQ.q7GGYlsKZSyHgRYtoUVYn9TFdo9ontMPdk37em6QHE0','2024-11-30 05:29:30','2024-11-30 08:59:29'),(9,'ADMIN-4','eyJhbGciOiJIUzI1NiIsInR5cCI6IkpXVCJ9.eyJlbWFpbCI6ImFkYXJzaDEzQGdtYWlsLmNvbSIsImlhdCI6MTczMjk1NzcyMSwiZXhwIjoxNzMzNTYyNTIxfQ.vCxUsYwHJoOQQfKrqoXV4c0VbT-8jsNgIdE-_Mugr2Y','2024-11-30 05:38:42','2024-11-30 09:08:41'),(10,'ADMIN-4','eyJhbGciOiJIUzI1NiIsInR5cCI6IkpXVCJ9.eyJlbWFpbCI6ImFkYXJzaDEzQGdtYWlsLmNvbSIsImlhdCI6MTczMjk1NzczNSwiZXhwIjoxNzMzNTYyNTM1fQ.tn5pDNYiLmYAYBgcXn1rVXuL9LwIzmob1ug264gRX_Q','2024-11-30 05:38:56','2024-11-30 09:08:55'),(11,'ADMIN-4','eyJhbGciOiJIUzI1NiIsInR5cCI6IkpXVCJ9.eyJlbWFpbCI6ImFkYXJzaDEzQGdtYWlsLmNvbSIsImlhdCI6MTczMjk1Nzc2NiwiZXhwIjoxNzMzNTYyNTY2fQ.YFP81JtUlL_C1Wgt74Ff12r1XlcV_I-KUb4gBlwMRPo','2024-11-30 05:39:26','2024-11-30 09:09:26'),(12,'ADMIN-4','eyJhbGciOiJIUzI1NiIsInR5cCI6IkpXVCJ9.eyJlbWFpbCI6ImFkYXJzaDEzQGdtYWlsLmNvbSIsImlhdCI6MTczMjk1Nzc3OSwiZXhwIjoxNzMzNTYyNTc5fQ._eqm8LsRZ7ptL2_alyB86yWu-Iux2znCabuvxqS62GA','2024-11-30 05:39:39','2024-11-30 09:09:39'),(13,'ADMIN-4','eyJhbGciOiJIUzI1NiIsInR5cCI6IkpXVCJ9.eyJlbWFpbCI6ImFkYXJzaDEzQGdtYWlsLmNvbSIsImlhdCI6MTczMjk1Nzg0NCwiZXhwIjoxNzMzNTYyNjQ0fQ.iyp4QP8_gi7qYeB3LmR_zaCKfh6BT1rgz88p7-0oSzw','2024-11-30 05:40:45','2024-11-30 09:10:44'),(14,'ADMIN-4','eyJhbGciOiJIUzI1NiIsInR5cCI6IkpXVCJ9.eyJlbWFpbCI6ImFkYXJzaDEzQGdtYWlsLmNvbSIsImlhdCI6MTczMjk1Nzk5NiwiZXhwIjoxNzMzNTYyNzk2fQ._mPo4s1A4BCiYiG0OWB51U8cwHfaKf_IR1jE2JU72to','2024-11-30 05:43:16','2024-11-30 09:13:16'),(15,'ADMIN-4','eyJhbGciOiJIUzI1NiIsInR5cCI6IkpXVCJ9.eyJlbWFpbCI6ImFkYXJzaDEzQGdtYWlsLmNvbSIsImlhdCI6MTczMjk1ODE1MywiZXhwIjoxNzMzNTYyOTUzfQ.u2QXflUg_IPD-35c7vdgHJK9tDpBafrcGeOIjG6b0cE','2024-11-30 05:45:53','2024-11-30 09:15:53'),(16,'ADMIN-4','eyJhbGciOiJIUzI1NiIsInR5cCI6IkpXVCJ9.eyJlbWFpbCI6ImFkYXJzaDEzQGdtYWlsLmNvbSIsImlhdCI6MTczMjk1ODQxNCwiZXhwIjoxNzMzNTYzMjE0fQ.1K2pRiQtCOrsVWiCb8Wyc013DjSARrWn4yTAOwoS3bM','2024-11-30 05:50:14','2024-11-30 09:20:14'),(17,'ADMIN-4','eyJhbGciOiJIUzI1NiIsInR5cCI6IkpXVCJ9.eyJlbWFpbCI6ImFkYXJzaDEzQGdtYWlsLmNvbSIsImlhdCI6MTczMjk1ODUxNCwiZXhwIjoxNzMzNTYzMzE0fQ.OvTbFPSLbnT3y8p2CotWWzOBkw1vhNPExs9aXoUAW9E','2024-11-30 05:51:55','2024-11-30 09:21:54'),(18,'ADMIN-4','eyJhbGciOiJIUzI1NiIsInR5cCI6IkpXVCJ9.eyJlbWFpbCI6ImFkYXJzaDEzQGdtYWlsLmNvbSIsImlhdCI6MTczMjk2MTAzMSwiZXhwIjoxNzMzNTY1ODMxfQ.CszLzhKQROLBEmqU1MTXSff8hCG1OVo5c_FQ18oRz3k','2024-11-30 06:33:51','2024-11-30 10:03:51'),(19,'ADMIN-4','eyJhbGciOiJIUzI1NiIsInR5cCI6IkpXVCJ9.eyJlbWFpbCI6ImFkYXJzaDEzQGdtYWlsLmNvbSIsImlhdCI6MTczMjk2MTEwMiwiZXhwIjoxNzMzNTY1OTAyfQ.2ZJdCxq0YgffcOB9Q1gQZZ1f6e1csChKhfbYtJIkyhk','2024-11-30 06:35:03','2024-11-30 10:05:02'),(20,'ADMIN-4','eyJhbGciOiJIUzI1NiIsInR5cCI6IkpXVCJ9.eyJlbWFpbCI6ImFkYXJzaDEzQGdtYWlsLmNvbSIsImlhdCI6MTczMjk2MTExMCwiZXhwIjoxNzMzNTY1OTEwfQ.Zc_FxengURgRRSnY4850x9H1GGCAhUbwuKb0UnDE7a8','2024-11-30 06:35:10','2024-11-30 10:05:10'),(21,'ADMIN-4','eyJhbGciOiJIUzI1NiIsInR5cCI6IkpXVCJ9.eyJlbWFpbCI6ImFkYXJzaDEzQGdtYWlsLmNvbSIsImlhdCI6MTczMjk2MjIzMywiZXhwIjoxNzMzNTY3MDMzfQ.HKYO8T2LBXi3C28ANsYF0FsXB5wEo3F1teUR6JabwTw','2024-11-30 06:53:53','2024-11-30 10:23:53'),(22,'ADMIN-4','eyJhbGciOiJIUzI1NiIsInR5cCI6IkpXVCJ9.eyJlbWFpbCI6ImFkYXJzaDEzQGdtYWlsLmNvbSIsImlhdCI6MTczMjk2MjI5MywiZXhwIjoxNzMzNTY3MDkzfQ.32IQJX7wTDXmrgFIUMdNPbpsripnoOum-BEzjZ0cLA0','2024-11-30 06:54:53','2024-11-30 10:24:53'),(23,'ADMIN-4','eyJhbGciOiJIUzI1NiIsInR5cCI6IkpXVCJ9.eyJlbWFpbCI6ImFkYXJzaDEzQGdtYWlsLmNvbSIsImlhdCI6MTczMjk2MjY3NywiZXhwIjoxNzMzNTY3NDc3fQ.V0IGWasFbyx7vck9LyaGtPWCCQgoDWop4VaHVIndhSM','2024-11-30 07:01:18','2024-11-30 10:31:17'),(24,'ADMIN-4','eyJhbGciOiJIUzI1NiIsInR5cCI6IkpXVCJ9.eyJlbWFpbCI6ImFkYXJzaDEzQGdtYWlsLmNvbSIsImlhdCI6MTczMjk2MjY4NCwiZXhwIjoxNzMzNTY3NDg0fQ.3Sa72KXG1D7buQqUBfqEvNIHDVvrD8CPoDT7ITdrEFg','2024-11-30 07:01:24','2024-11-30 10:31:24'),(25,'ADMIN-4','eyJhbGciOiJIUzI1NiIsInR5cCI6IkpXVCJ9.eyJlbWFpbCI6ImFkYXJzaDEzQGdtYWlsLmNvbSIsImlhdCI6MTczMjk2MjcwNywiZXhwIjoxNzMzNTY3NTA3fQ.jFoP0HdTIgPj9ZddgEkZ81zbSJwxtGT4LCjvgmycN60','2024-11-30 07:01:47','2024-11-30 10:31:47'),(26,'ADMIN-4','eyJhbGciOiJIUzI1NiIsInR5cCI6IkpXVCJ9.eyJlbWFpbCI6ImFkYXJzaDEzQGdtYWlsLmNvbSIsImlhdCI6MTczMjk2MzEyNCwiZXhwIjoxNzMzNTY3OTI0fQ.CL4OPdhi5A5CnX7so-CxWAFlWfkXL7xfPMfTH2A-jms','2024-11-30 07:08:44','2024-11-30 10:38:44'),(27,'ADMIN-4','eyJhbGciOiJIUzI1NiIsInR5cCI6IkpXVCJ9.eyJlbWFpbCI6ImFkYXJzaDEzQGdtYWlsLmNvbSIsImlhdCI6MTczMjk2MzM1NSwiZXhwIjoxNzMzNTY4MTU1fQ.nuAZi3P9CBHhlOMlANpcD7G3owKchM7cX1D8Qj2-lNQ','2024-11-30 07:12:35','2024-11-30 10:42:35'),(28,'ADMIN-4','eyJhbGciOiJIUzI1NiIsInR5cCI6IkpXVCJ9.eyJlbWFpbCI6ImFkYXJzaDEzQGdtYWlsLmNvbSIsImlhdCI6MTczMjk2MzU0MSwiZXhwIjoxNzMzNTY4MzQxfQ.coEmOffDh_YK_0l9IINYUPT_wKSfQLvZEEIL8TAuSkI','2024-11-30 07:15:41','2024-11-30 10:45:41'),(29,'ADMIN-4','eyJhbGciOiJIUzI1NiIsInR5cCI6IkpXVCJ9.eyJlbWFpbCI6ImFkYXJzaDEzQGdtYWlsLmNvbSIsImlhdCI6MTczMjk2MzYxMCwiZXhwIjoxNzMzNTY4NDEwfQ.LOKraVLip0NpEj2MY-gq3Ws6gOSdcqWkk-K7jfE9vMg','2024-11-30 07:16:50','2024-11-30 10:46:50'),(30,'ADMIN-4','eyJhbGciOiJIUzI1NiIsInR5cCI6IkpXVCJ9.eyJlbWFpbCI6ImFkYXJzaDEzQGdtYWlsLmNvbSIsImlhdCI6MTczMjk2MzcwMCwiZXhwIjoxNzMzNTY4NTAwfQ.6J_oMUTEWMdZ-U0iMavougo2eL38JIKf2pqf-SbUCic','2024-11-30 07:18:20','2024-11-30 10:48:20'),(31,'ADMIN-4','eyJhbGciOiJIUzI1NiIsInR5cCI6IkpXVCJ9.eyJlbWFpbCI6ImFkYXJzaDEzQGdtYWlsLmNvbSIsImlhdCI6MTczMjk2MzgxMiwiZXhwIjoxNzMzNTY4NjEyfQ.RiqAaahdrl24_LwUFYMQxVNckH1pSU3Ip1DZ8arX-EQ','2024-11-30 07:20:13','2024-11-30 10:50:12'),(32,'ADMIN-4','eyJhbGciOiJIUzI1NiIsInR5cCI6IkpXVCJ9.eyJlbWFpbCI6ImFkYXJzaDEzQGdtYWlsLmNvbSIsImlhdCI6MTczMjk2MzgxMiwiZXhwIjoxNzMzNTY4NjEyfQ.RiqAaahdrl24_LwUFYMQxVNckH1pSU3Ip1DZ8arX-EQ','2024-11-30 07:20:13','2024-11-30 10:50:12'),(33,'ADMIN-4','eyJhbGciOiJIUzI1NiIsInR5cCI6IkpXVCJ9.eyJlbWFpbCI6ImFkYXJzaDEzQGdtYWlsLmNvbSIsImlhdCI6MTczMjk2Mzg1NywiZXhwIjoxNzMzNTY4NjU3fQ.C1J3XP_XVrgxTBX2KM8NDQ7oAUkpNZp-_bwnxj1EmtM','2024-11-30 07:20:58','2024-11-30 10:50:57'),(34,'ADMIN-4','eyJhbGciOiJIUzI1NiIsInR5cCI6IkpXVCJ9.eyJlbWFpbCI6ImFkYXJzaDEzQGdtYWlsLmNvbSIsImlhdCI6MTczMjk2MzkzNywiZXhwIjoxNzMzNTY4NzM3fQ.ubFDOv1gPS7mMLx0J2A75RqoOMJg96sc-ACbO9dStbE','2024-11-30 07:22:17','2024-11-30 10:52:17'),(35,'ADMIN-4','eyJhbGciOiJIUzI1NiIsInR5cCI6IkpXVCJ9.eyJlbWFpbCI6ImFkYXJzaDEzQGdtYWlsLmNvbSIsImlhdCI6MTczMjk2Mzk5MCwiZXhwIjoxNzMzNTY4NzkwfQ.JVeYoeVOabisYVinxSWWPJFNdzId-GCyuGPGnrnav4M','2024-11-30 07:23:10','2024-11-30 10:53:10'),(36,'ADMIN-4','eyJhbGciOiJIUzI1NiIsInR5cCI6IkpXVCJ9.eyJlbWFpbCI6ImFkYXJzaDEzQGdtYWlsLmNvbSIsImlhdCI6MTczMjk2NDAxMCwiZXhwIjoxNzMzNTY4ODEwfQ.rJNy4ktT6mCtJMcejjS_w589C7Ppy9RMkSVLIvCJEXc','2024-11-30 07:23:30','2024-11-30 10:53:30'),(37,'ADMIN-4','eyJhbGciOiJIUzI1NiIsInR5cCI6IkpXVCJ9.eyJlbWFpbCI6ImFkYXJzaDEzQGdtYWlsLmNvbSIsImlhdCI6MTczMjk2NDAyMSwiZXhwIjoxNzMzNTY4ODIxfQ.2HIzbiLRxNkDBsk6F6qC23E9yjaGv1ilIiEOTd-adZQ','2024-11-30 07:23:42','2024-11-30 10:53:41'),(38,'ADMIN-4','eyJhbGciOiJIUzI1NiIsInR5cCI6IkpXVCJ9.eyJlbWFpbCI6ImFkYXJzaDEzQGdtYWlsLmNvbSIsImlhdCI6MTczMjk2NTIxOCwiZXhwIjoxNzMzNTcwMDE4fQ.FdYaYjf9ugnlb-H8RRG0TPs5eH-8vFiH7QoWzJFFJcY','2024-11-30 07:43:38','2024-11-30 11:13:38'),(39,'ADMIN-4','eyJhbGciOiJIUzI1NiIsInR5cCI6IkpXVCJ9.eyJlbWFpbCI6ImFkYXJzaDEzQGdtYWlsLmNvbSIsImlhdCI6MTczMjk2NjkyOSwiZXhwIjoxNzMzNTcxNzI5fQ.cCftiLOouVQLg7hGtNKDQ26F8FmR_mkdNthfpSkBnkA','2024-11-30 08:12:10','2024-11-30 11:42:09'),(40,'ADMIN-4','eyJhbGciOiJIUzI1NiIsInR5cCI6IkpXVCJ9.eyJlbWFpbCI6ImFkYXJzaDEzQGdtYWlsLmNvbSIsImlhdCI6MTczMjk2NjkzNiwiZXhwIjoxNzMzNTcxNzM2fQ._etDo9sD__2OVFkiaKFJAQ7OXRq9fXO5qh1igN-z8S0','2024-11-30 08:12:16','2024-11-30 11:42:16'),(41,'ADMIN-4','eyJhbGciOiJIUzI1NiIsInR5cCI6IkpXVCJ9.eyJlbWFpbCI6ImFkYXJzaDEzQGdtYWlsLmNvbSIsImlhdCI6MTczMjk2NzA3NCwiZXhwIjoxNzMzNTcxODc0fQ.yW-YYdQHX-d7selx9Gpjcn1ZVWbd8JSZ9yuIIi43V8A','2024-11-30 08:14:34','2024-11-30 11:44:34'),(42,'ADMIN-4','eyJhbGciOiJIUzI1NiIsInR5cCI6IkpXVCJ9.eyJlbWFpbCI6ImFkYXJzaDEzQGdtYWlsLmNvbSIsImlhdCI6MTczMjk2ODM1OSwiZXhwIjoxNzMzNTczMTU5fQ.JH5OCuY7Reg-AyXCR4dOOuqqGmcgQEz8Oh2_J8STLOs','2024-11-30 08:36:00','2024-11-30 12:05:59'),(43,'ADMIN-9','eyJhbGciOiJIUzI1NiIsInR5cCI6IkpXVCJ9.eyJlbWFpbCI6InRlc3Rpbmc0NTZAZ21haWwuY29tIiwiaWF0IjoxNzMyOTcxMDg3LCJleHAiOjE3MzM1NzU4ODd9.AoE0OjOenV85xMoi3YiutHD5oTHkaYRTXfSEcAFi5I4','2024-11-30 09:21:27','2024-11-30 12:51:27'),(44,'ADMIN-4','eyJhbGciOiJIUzI1NiIsInR5cCI6IkpXVCJ9.eyJlbWFpbCI6ImFkYXJzaDEzQGdtYWlsLmNvbSIsImlhdCI6MTczMjk3MTE4MiwiZXhwIjoxNzMzNTc1OTgyfQ.DcuuzAe5KUl9CSI0ZU8bUQr0VqEPTvpekVjFH-Ufkkg','2024-11-30 09:23:03','2024-11-30 12:53:02');
/*!40000 ALTER TABLE `user_tokens` ENABLE KEYS */;
UNLOCK TABLES;
/*!40103 SET TIME_ZONE=@OLD_TIME_ZONE */;

/*!40101 SET SQL_MODE=@OLD_SQL_MODE */;
/*!40014 SET FOREIGN_KEY_CHECKS=@OLD_FOREIGN_KEY_CHECKS */;
/*!40014 SET UNIQUE_CHECKS=@OLD_UNIQUE_CHECKS */;
/*!40101 SET CHARACTER_SET_CLIENT=@OLD_CHARACTER_SET_CLIENT */;
/*!40101 SET CHARACTER_SET_RESULTS=@OLD_CHARACTER_SET_RESULTS */;
/*!40101 SET COLLATION_CONNECTION=@OLD_COLLATION_CONNECTION */;
/*!40111 SET SQL_NOTES=@OLD_SQL_NOTES */;

-- Dump completed on 2024-11-30 18:52:06



-- MySQL dump 10.13  Distrib 8.0.34, for Win64 (x86_64)
--
-- Host: localhost    Database: socialdb
-- ------------------------------------------------------
-- Server version	8.0.34

/*!40101 SET @OLD_CHARACTER_SET_CLIENT=@@CHARACTER_SET_CLIENT */;
/*!40101 SET @OLD_CHARACTER_SET_RESULTS=@@CHARACTER_SET_RESULTS */;
/*!40101 SET @OLD_COLLATION_CONNECTION=@@COLLATION_CONNECTION */;
/*!50503 SET NAMES utf8 */;
/*!40103 SET @OLD_TIME_ZONE=@@TIME_ZONE */;
/*!40103 SET TIME_ZONE='+00:00' */;
/*!40014 SET @OLD_UNIQUE_CHECKS=@@UNIQUE_CHECKS, UNIQUE_CHECKS=0 */;
/*!40014 SET @OLD_FOREIGN_KEY_CHECKS=@@FOREIGN_KEY_CHECKS, FOREIGN_KEY_CHECKS=0 */;
/*!40101 SET @OLD_SQL_MODE=@@SQL_MODE, SQL_MODE='NO_AUTO_VALUE_ON_ZERO' */;
/*!40111 SET @OLD_SQL_NOTES=@@SQL_NOTES, SQL_NOTES=0 */;

--
-- Table structure for table `users`
--

DROP TABLE IF EXISTS `users`;
/*!40101 SET @saved_cs_client     = @@character_set_client */;
/*!50503 SET character_set_client = utf8mb4 */;
CREATE TABLE `users` (
  `id` int NOT NULL AUTO_INCREMENT,
  `user_id` varchar(100) DEFAULT NULL,
  `name` varchar(100) DEFAULT NULL,
  `email` varchar(100) DEFAULT NULL,
  `password` varchar(100) DEFAULT NULL,
  `avatar` varchar(200) DEFAULT NULL,
  `status` varchar(45) DEFAULT 'Active',
  `createdAt` timestamp NOT NULL DEFAULT CURRENT_TIMESTAMP,
  `reset_link` varchar(45) DEFAULT NULL,
  `reset_link_time` timestamp NULL DEFAULT NULL,
  `reset_link_session` datetime DEFAULT NULL,
  `reset_link_session_time` timestamp NULL DEFAULT NULL,
  `modifiedAt` timestamp NULL DEFAULT CURRENT_TIMESTAMP ON UPDATE CURRENT_TIMESTAMP,
  `role` varchar(45) DEFAULT 'admin',
  `userName` varchar(100) DEFAULT NULL,
  `city` varchar(45) DEFAULT NULL,
  `website` varchar(45) DEFAULT NULL,
  `bio` varchar(200) DEFAULT NULL,
  `facebookProfile` varchar(45) DEFAULT NULL,
  `instagramProfile` varchar(45) DEFAULT NULL,
  `profilePic` varchar(200) DEFAULT NULL,
  `coverPic` varchar(200) DEFAULT NULL,
  `userscol` varchar(45) DEFAULT NULL,
  `gender` varchar(45) DEFAULT NULL,
  `phoneNumber` varchar(45) DEFAULT NULL,
  PRIMARY KEY (`id`)
) ENGINE=InnoDB AUTO_INCREMENT=11 DEFAULT CHARSET=utf8mb4 COLLATE=utf8mb4_0900_ai_ci;
/*!40101 SET character_set_client = @saved_cs_client */;

--
-- Dumping data for table `users`
--

LOCK TABLES `users` WRITE;
/*!40000 ALTER TABLE `users` DISABLE KEYS */;
INSERT INTO `users` VALUES (1,'','adarsh','adarsh123@gmail.com','$2a$10$jAaPrxHQQ38PLyUbxGrsa.ZdLaRcR./k/pASv8g0XTRgixomy4MP.',NULL,'Active','2024-11-28 17:26:07',NULL,NULL,NULL,NULL,NULL,'admin',NULL,NULL,NULL,NULL,NULL,NULL,NULL,NULL,NULL,NULL,NULL),(3,'ADMIN-3','adarsh1','adarsh3@gmail.com','$2a$10$sTcHvjl.1Q8DEogzAPiyAuAJgKwF.jYOLwp3xkK8ikyk0uLillurS',NULL,'Active','2024-11-28 18:01:02',NULL,NULL,NULL,NULL,'2024-11-28 18:01:02','admin',NULL,NULL,NULL,NULL,NULL,NULL,NULL,NULL,NULL,NULL,NULL),(4,'ADMIN-4','adarsh1','adarsh13@gmail.com','$2a$10$A2Mz.ap9iFNxOaHd4yxIve00AmXZd0bgLT0.vy2zMdrOHhyVczxBG',NULL,'Active','2024-11-29 08:23:56',NULL,NULL,NULL,NULL,'2024-11-29 08:23:56','admin','adarsh_202',NULL,NULL,NULL,NULL,NULL,NULL,NULL,NULL,'Male','0987654321'),(5,'ADMIN-5','adarsh1','adarsh5@gmail.com','$2a$10$Kd/J3ynecvhUBr5aWFceeumvOltGBIC4cMlXBKy3VPUte4kkKiLEm',NULL,'Active','2024-11-29 08:28:42',NULL,NULL,NULL,NULL,'2024-11-29 09:22:19','admin','adarsh_202',NULL,NULL,NULL,NULL,NULL,NULL,NULL,NULL,'Male',''),(6,'ADMIN-6','test','test@gmail.com','$2a$10$JtHjBsWSQWFtRZu1gFwPXuKMMmj2TQ0eX1OpFGzthumrNKxpqdBHq',NULL,'Active','2024-11-30 12:36:12',NULL,NULL,NULL,NULL,'2024-11-30 12:36:12','admin','test123',NULL,NULL,NULL,NULL,NULL,NULL,NULL,NULL,'female','1234567893'),(7,'ADMIN-7','testing','testing123@gmail.com','$2a$10$1syfq/pzgMPjOn2JBmeOjefo3wVK2IBFWPE8r9jB9pcqmsdwjCX2.',NULL,'Active','2024-11-30 12:38:44',NULL,NULL,NULL,NULL,'2024-11-30 12:38:44','admin','testing123',NULL,NULL,NULL,NULL,NULL,NULL,NULL,NULL,'female','09876234565'),(8,'ADMIN-8','testing321','testing321@gmail.vom','$2a$10$rlDEWby2cy4s78ZDmtjJaufyJnmRJSqDonR3vv97DGhpzzkwD6XNa',NULL,'Active','2024-11-30 12:47:57',NULL,NULL,NULL,NULL,'2024-11-30 12:47:57','admin','testing321',NULL,NULL,NULL,NULL,NULL,NULL,NULL,NULL,'female','7890012345'),(9,'ADMIN-9','testing456','testing456@gmail.com','$2a$10$cuDv.Ukk98VmsZCCDZ3PyuCQ8NHvoV0gAlduYUpe4hfpokSxgsbQC',NULL,'Active','2024-11-30 12:50:06',NULL,NULL,NULL,NULL,'2024-11-30 12:50:06','admin','testin456',NULL,NULL,NULL,NULL,NULL,NULL,NULL,NULL,'female','1234560987'),(10,'ADMIN-10','testing2345','wertyetr@fdgfh.ccd','$2a$10$4l//mZOZIyF1mpXQgOoUnOaGTuPipqtjPn2eZGyTrZkH6cDah/Ngy',NULL,'Active','2024-11-30 12:50:41',NULL,NULL,NULL,NULL,'2024-11-30 12:50:41','admin','asdfg',NULL,NULL,NULL,NULL,NULL,NULL,NULL,NULL,'female','6789012234');
/*!40000 ALTER TABLE `users` ENABLE KEYS */;
UNLOCK TABLES;
/*!40103 SET TIME_ZONE=@OLD_TIME_ZONE */;

/*!40101 SET SQL_MODE=@OLD_SQL_MODE */;
/*!40014 SET FOREIGN_KEY_CHECKS=@OLD_FOREIGN_KEY_CHECKS */;
/*!40014 SET UNIQUE_CHECKS=@OLD_UNIQUE_CHECKS */;
/*!40101 SET CHARACTER_SET_CLIENT=@OLD_CHARACTER_SET_CLIENT */;
/*!40101 SET CHARACTER_SET_RESULTS=@OLD_CHARACTER_SET_RESULTS */;
/*!40101 SET COLLATION_CONNECTION=@OLD_COLLATION_CONNECTION */;
/*!40111 SET SQL_NOTES=@OLD_SQL_NOTES */;

-- Dump completed on 2024-11-30 18:52:06
